[
  {
    "id": "83c52ead42ca0eeaa4102cc47eaf0d319edc6b7a",
    "name": "Light",
    "$figmaStyleReferences": {},
    "selectedTokenSets": {
      "core": "source",
      "theme/light": "enabled"
    },
    "group": "Theme",
    "$figmaCollectionId": "VariableCollectionId:3:384",
    "$figmaModeId": "3:0",
    "$figmaVariableReferences": {
      "core.content.primary": "e76543b6900182aa4bc491f2cabb84e7e912c92f",
      "core.content.secondary": "8b38910f3001e0d0b065dcb18e46439f784e3d80",
      "core.content.inverse": "7d7c32c2227728f94fa7cd711102a5999e135a64",
      "core.content.accent": "6b6c2fb37d73aef01bb7154f242c00dd304aa980",
      "core.background.surface": "b27653788a5ee37bd6bb4bcecdbfa71b149b15a7",
      "core.background.primary": "5bf9401b06fd101314f1b9adb4475926457d8b9a",
      "core.background.secondary": "d4aa2e0be1346401bce84ba682a491c4149e087c",
      "core.background.accent": "b9f5ce6d5f158c4555d402d4f779d1684c81e60a",
      "core.border.accent": "1cced1d620ccc6bcd6a9935e92b20238b96ab128",
      "states.background.accent-hover": "2ca6ee733d43a1578d87c1533187cfe3358d697e",
      "states.content.disabled": "aefaeb8b2b2360cd46fc0ee03b9ad3e584c83df9",
      "states.background.accent-active": "b7a2004052e632371ccf731235780a608a663b0f",
      "core.background.accent-light": "0ce4afae1bd03a4404dd06dece38c77a0394ca07",
      "core.border.primary": "da5427d3f004b464cc49e67384de049df5a50103"
    }
  },
  {
    "id": "d104b20e6880a13be2ebf9f87b283b039c9fe2f4",
    "name": "Dark",
    "$figmaStyleReferences": {},
    "selectedTokenSets": {
      "core": "source",
      "theme/dark": "enabled"
    },
    "group": "Theme",
    "$figmaCollectionId": "VariableCollectionId:3:384",
    "$figmaModeId": "3:1",
    "$figmaVariableReferences": {
      "core.content.primary": "e76543b6900182aa4bc491f2cabb84e7e912c92f",
      "core.content.secondary": "8b38910f3001e0d0b065dcb18e46439f784e3d80",
      "core.content.inverse": "7d7c32c2227728f94fa7cd711102a5999e135a64",
      "core.content.accent": "6b6c2fb37d73aef01bb7154f242c00dd304aa980",
      "core.background.surface": "b27653788a5ee37bd6bb4bcecdbfa71b149b15a7",
      "core.background.primary": "5bf9401b06fd101314f1b9adb4475926457d8b9a",
      "core.background.secondary": "d4aa2e0be1346401bce84ba682a491c4149e087c",
      "core.background.accent": "b9f5ce6d5f158c4555d402d4f779d1684c81e60a",
      "core.border.accent": "1cced1d620ccc6bcd6a9935e92b20238b96ab128",
      "states.background.accent-hover": "2ca6ee733d43a1578d87c1533187cfe3358d697e",
      "states.content.disabled": "aefaeb8b2b2360cd46fc0ee03b9ad3e584c83df9",
      "states.background.accent-active": "b7a2004052e632371ccf731235780a608a663b0f",
      "core.background.accent-light": "0ce4afae1bd03a4404dd06dece38c77a0394ca07"
    }
  }
]