{
  "dimension": {
    "scale": {
      "$type": "dimension",
      "$value": "2"
    },
    "xs": {
      "$type": "dimension",
      "$value": "4"
    },
    "sm": {
      "$type": "dimension",
      "$value": "{dimension.xs} * {dimension.scale}"
    },
    "md": {
      "$type": "dimension",
      "$value": "{dimension.sm} * {dimension.scale}"
    },
    "lg": {
      "$type": "dimension",
      "$value": "{dimension.md} * {dimension.scale}"
    },
    "xl": {
      "$type": "dimension",
      "$value": "{dimension.lg} * {dimension.scale}"
    }
  },
  "spacing": {
    "xs": {
      "$type": "spacing",
      "$value": "{dimension.xs}"
    },
    "sm": {
      "$type": "spacing",
      "$value": "{dimension.sm}"
    },
    "md": {
      "$type": "spacing",
      "$value": "{dimension.md}"
    },
    "lg": {
      "$type": "spacing",
      "$value": "{dimension.lg}"
    },
    "xl": {
      "$type": "spacing",
      "$value": "{dimension.xl}"
    },
    "multi-value": {
      "$type": "spacing",
      "$value": "{dimension.sm} {dimension.xl}",
      "$description": "You can have multiple values in a single spacing token. Read more on these: https://docs.tokens.studio/available-tokens/spacing-tokens#multi-value-spacing-tokens"
    }
  },
  "borderRadius": {
    "sm": {
      "$type": "borderRadius",
      "$value": "4"
    },
    "lg": {
      "$type": "borderRadius",
      "$value": "8"
    },
    "xl": {
      "$type": "borderRadius",
      "$value": "16"
    },
    "multi-value": {
      "$type": "borderRadius",
      "$value": "{borderRadius.sm} {borderRadius.lg}",
      "$description": "You can have multiple values in a single radius token. Read more on these: https://docs.tokens.studio/available-tokens/border-radius-tokens#single--multiple-values"
    }
  },
  "colors": {
    "black": {
      "$type": "color",
      "$value": "#000000"
    },
    "white": {
      "$type": "color",
      "$value": "#ffffff"
    },
    "gray": {
      "100": {
        "$type": "color",
        "$value": "#f7fafc"
      },
      "200": {
        "$type": "color",
        "$value": "#edf2f7"
      },
      "300": {
        "$type": "color",
        "$value": "#e2e8f0"
      },
      "400": {
        "$type": "color",
        "$value": "#cbd5e0"
      },
      "500": {
        "$type": "color",
        "$value": "#a0aec0"
      },
      "600": {
        "$type": "color",
        "$value": "#718096"
      },
      "700": {
        "$type": "color",
        "$value": "#4a5568"
      },
      "800": {
        "$type": "color",
        "$value": "#2d3748"
      },
      "900": {
        "$type": "color",
        "$value": "#1a202c"
      }
    },
    "red": {
      "100": {
        "$type": "color",
        "$value": "#fff5f5"
      },
      "200": {
        "$type": "color",
        "$value": "#fed7d7"
      },
      "300": {
        "$type": "color",
        "$value": "#feb2b2"
      },
      "400": {
        "$type": "color",
        "$value": "#fc8181"
      },
      "500": {
        "$type": "color",
        "$value": "#f56565"
      },
      "600": {
        "$type": "color",
        "$value": "#e53e3e"
      },
      "700": {
        "$type": "color",
        "$value": "#c53030"
      },
      "800": {
        "$type": "color",
        "$value": "#9b2c2c"
      },
      "900": {
        "$type": "color",
        "$value": "#742a2a"
      }
    },
    "orange": {
      "100": {
        "$type": "color",
        "$value": "#fffaf0"
      },
      "200": {
        "$type": "color",
        "$value": "#feebc8"
      },
      "300": {
        "$type": "color",
        "$value": "#fbd38d"
      },
      "400": {
        "$type": "color",
        "$value": "#f6ad55"
      },
      "500": {
        "$type": "color",
        "$value": "#ed8936"
      },
      "600": {
        "$type": "color",
        "$value": "#dd6b20"
      },
      "700": {
        "$type": "color",
        "$value": "#c05621"
      },
      "800": {
        "$type": "color",
        "$value": "#9c4221"
      },
      "900": {
        "$type": "color",
        "$value": "#7b341e"
      }
    },
    "yellow": {
      "100": {
        "$type": "color",
        "$value": "#fffff0"
      },
      "200": {
        "$type": "color",
        "$value": "#fefcbf"
      },
      "300": {
        "$type": "color",
        "$value": "#faf089"
      },
      "400": {
        "$type": "color",
        "$value": "#f6e05e"
      },
      "500": {
        "$type": "color",
        "$value": "#ecc94b"
      },
      "600": {
        "$type": "color",
        "$value": "#d69e2e"
      },
      "700": {
        "$type": "color",
        "$value": "#b7791f"
      },
      "800": {
        "$type": "color",
        "$value": "#975a16"
      },
      "900": {
        "$type": "color",
        "$value": "#744210"
      }
    },
    "green": {
      "100": {
        "$type": "color",
        "$value": "#f0fff4"
      },
      "200": {
        "$type": "color",
        "$value": "#c6f6d5"
      },
      "300": {
        "$type": "color",
        "$value": "#9ae6b4"
      },
      "400": {
        "$type": "color",
        "$value": "#68d391"
      },
      "500": {
        "$type": "color",
        "$value": "#48bb78"
      },
      "600": {
        "$type": "color",
        "$value": "#38a169"
      },
      "700": {
        "$type": "color",
        "$value": "#2f855a"
      },
      "800": {
        "$type": "color",
        "$value": "#276749"
      },
      "900": {
        "$type": "color",
        "$value": "#22543d"
      }
    },
    "blue": {
      "100": {
        "$type": "color",
        "$value": "#eff4ff"
      },
      "200": {
        "$type": "color",
        "$value": "#bccefb"
      },
      "300": {
        "$type": "color",
        "$value": "#6381ef"
      },
      "400": {
        "$type": "color",
        "$value": "#4161e7"
      },
      "500": {
        "$type": "color",
        "$value": "#2648dc"
      },
      "600": {
        "$type": "color",
        "$value": "#1133ca"
      },
      "700": {
        "$type": "color",
        "$value": "#1325ac"
      },
      "800": {
        "$type": "color",
        "$value": "#10156b"
      },
      "900": {
        "$type": "color",
        "$value": "#0a0a33"
      }
    }
  },
  "opacity": {
    "low": {
      "$type": "opacity",
      "$value": "10%"
    },
    "md": {
      "$type": "opacity",
      "$value": "50%"
    },
    "high": {
      "$type": "opacity",
      "$value": "90%"
    }
  },
  "fontFamilies": {
    "heading": {
      "$type": "fontFamilies",
      "$value": "Inter"
    },
    "body": {
      "$type": "fontFamilies",
      "$value": "Roboto"
    }
  },
  "lineHeights": {
    "heading": {
      "$type": "lineHeights",
      "$value": "110%"
    },
    "body": {
      "$type": "lineHeights",
      "$value": "140%"
    }
  },
  "letterSpacing": {
    "default": {
      "$type": "letterSpacing",
      "$value": "0"
    },
    "increased": {
      "$type": "letterSpacing",
      "$value": "150%"
    },
    "decreased": {
      "$type": "letterSpacing",
      "$value": "-5%"
    }
  },
  "paragraphSpacing": {
    "h1": {
      "$type": "paragraphSpacing",
      "$value": "32"
    },
    "h2": {
      "$type": "paragraphSpacing",
      "$value": "26"
    }
  },
  "fontWeights": {
    "headingRegular": {
      "$type": "fontWeights",
      "$value": "Regular"
    },
    "headingBold": {
      "$type": "fontWeights",
      "$value": "Bold"
    },
    "bodyRegular": {
      "$type": "fontWeights",
      "$value": "Regular"
    },
    "bodyBold": {
      "$type": "fontWeights",
      "$value": "Bold"
    }
  },
  "fontSizes": {
    "h1": {
      "$type": "fontSizes",
      "$value": "{fontSizes.h2} * 1.25"
    },
    "h2": {
      "$type": "fontSizes",
      "$value": "{fontSizes.h3} * 1.25"
    },
    "h3": {
      "$type": "fontSizes",
      "$value": "{fontSizes.h4} * 1.25"
    },
    "h4": {
      "$type": "fontSizes",
      "$value": "{fontSizes.h5} * 1.25"
    },
    "h5": {
      "$type": "fontSizes",
      "$value": "{fontSizes.h6} * 1.25"
    },
    "h6": {
      "$type": "fontSizes",
      "$value": "{fontSizes.body} * 1"
    },
    "body": {
      "$type": "fontSizes",
      "$value": "16"
    },
    "sm": {
      "$type": "fontSizes",
      "$value": "{fontSizes.body} * 0.85"
    },
    "xs": {
      "$type": "fontSizes",
      "$value": "{fontSizes.body} * 0.65"
    }
  }
}